/*==============================================================*/
/* INSERCION DE DATOS                                          */
/*==============================================================*/

/*==============================================================*/
/* Table: EPRESAEXTERIOR                                             */
/*==============================================================*/

INSERT INTO EMPRESAEXTERIOR (EMP_ID, EMP_NOMBRE, EMP_LOGO) VALUES (1, 'Steam', BFILENAME('DIR_PORTADAS_EMPRESAS', 'steam.png'));
INSERT INTO EMPRESAEXTERIOR (EMP_ID, EMP_NOMBRE, EMP_LOGO) VALUES (2, 'Origin',  BFILENAME('DIR_PORTADAS_EMPRESAS', 'origin.png'));
INSERT INTO EMPRESAEXTERIOR (EMP_ID, EMP_NOMBRE, EMP_LOGO) VALUES (3, 'uPlay',  BFILENAME('DIR_PORTADAS_EMPRESAS', 'uplay.webp'));
INSERT INTO EMPRESAEXTERIOR (EMP_ID, EMP_NOMBRE, EMP_LOGO) VALUES (4, 'Epic Games Store',  BFILENAME('DIR_PORTADAS_EMPRESAS', 'epic_games.png'));
INSERT INTO EMPRESAEXTERIOR (EMP_ID, EMP_NOMBRE, EMP_LOGO) VALUES (5, 'GOG', BFILENAME('DIR_PORTADAS_EMPRESAS','gog.png'));
INSERT INTO EMPRESAEXTERIOR (EMP_ID, EMP_NOMBRE, EMP_LOGO) VALUES (6, 'Blizzard', BFILENAME('DIR_PORTADAS_EMPRESAS','blizzard.png'));

/*==============================================================*/
/* Table: CATEGORIA                                             */
/*==============================================================*/

INSERT INTO CATEGORIA (CAT_NOMBRE) VALUES ('Accion');
INSERT INTO CATEGORIA (CAT_NOMBRE) VALUES ('Arcade');
INSERT INTO CATEGORIA (CAT_NOMBRE) VALUES ('Deportivo');
INSERT INTO CATEGORIA (CAT_NOMBRE) VALUES ('Estrategia');
INSERT INTO CATEGORIA (CAT_NOMBRE) VALUES ('Simulacion');
INSERT INTO CATEGORIA (CAT_NOMBRE) VALUES ('Juegos de mesa');
INSERT INTO CATEGORIA (CAT_NOMBRE) VALUES ('Juegos musicales');

/*==============================================================*/
/* Tables: USUARIO X BIBLIOTECA                                             */
/*==============================================================*/

INSERT INTO BIBLIOTECA(BIB_ID) VALUES(1);
INSERT INTO USUARIO (USU_NOMBRE, USU_APELLIDO, USU_EMAIL, USU_TELEFONO, USU_NOMBRE_USUARIO, USU_PASSWORD) VALUES ('Naren ', 'Imbachi', 'naren@gmail.com', '3126789021', 'naren21', 'atlas123');
INSERT INTO BIBLIOTECA(BIB_ID) VALUES(1);
INSERT INTO USUARIO (USU_NOMBRE, USU_APELLIDO, USU_EMAIL, USU_TELEFONO, USU_NOMBRE_USUARIO, USU_PASSWORD) VALUES ('Ruben', 'Cruz', 'ruben@gmail.com', '3145678181', 'rscruz', 'software123');
INSERT INTO BIBLIOTECA(BIB_ID) VALUES(1);
INSERT INTO USUARIO (USU_NOMBRE, USU_APELLIDO, USU_EMAIL, USU_TELEFONO, USU_NOMBRE_USUARIO, USU_PASSWORD) VALUES ('Julian', 'Carvajal', 'julian@gmail.com', '3145261728', 'jcarvajal', 'galleta123');
INSERT INTO BIBLIOTECA(BIB_ID) VALUES(1);
INSERT INTO USUARIO (USU_NOMBRE, USU_APELLIDO, USU_EMAIL, USU_TELEFONO, USU_NOMBRE_USUARIO, USU_PASSWORD) VALUES ('Joan', 'Tuquerrez', 'joan@gmail.com', '3156782341', 'jtuquerrez', 'joan123');

/*==============================================================*/
/* Table: CUENTAEXTERNA                                             */
/*==============================================================*/

INSERT INTO CUENTAEXTERNA (EMP_ID, CUE_EMAIL, CUE_PASSWORD) VALUES (1, 'julian@gmail.com', '123galleta');
INSERT INTO CUENTAEXTERNA (EMP_ID, CUE_EMAIL, CUE_PASSWORD) VALUES (2, 'julian@gmail.com', '456galleta');
INSERT INTO CUENTAEXTERNA (EMP_ID, CUE_EMAIL, CUE_PASSWORD) VALUES (3, 'julian@gmail.com', '789galleta');
INSERT INTO CUENTAEXTERNA (EMP_ID, CUE_EMAIL, CUE_PASSWORD) VALUES (1, 'ruben@gmail.com', '123max');
INSERT INTO CUENTAEXTERNA (EMP_ID, CUE_EMAIL, CUE_PASSWORD) VALUES (2, 'naren@gmail.com', '123atlas');
INSERT INTO CUENTAEXTERNA (EMP_ID, CUE_EMAIL, CUE_PASSWORD) VALUES (4, 'joan@gmail.com', '123joancito');

/*==============================================================*/
/* ADDRESS OF IMAGES                                          */
/*==============================================================*/

CREATE DIRECTORY DIR_PORTADAS_STEAM AS 'C:\nucleus_images\steam';
CREATE DIRECTORY DIR_PORTADAS_UPLAY AS 'C:\nucleus_images\uPlay';
CREATE DIRECTORY DIR_PORTADAS_EPIC_GAMES AS 'C:\nucleus_images\epic_games';
CREATE DIRECTORY DIR_PORTADAS_ORIGIN AS 'C:\nucleus_images\origin';
CREATE DIRECTORY DIR_PORTADAS_EMPRESAS AS 'C:\nucleus_images\empresas_exteriores';

/*==============================================================*/
/* Table: VIDEOJUEGO                                             */
/*==============================================================*/

INSERT INTO VIDEOJUEGO (vid_nombre,EMP_ID,vid_estado,VID_PORTADA) VALUES('MINECRAFT', 1, 'DISPONIBLE', BFILENAME('DIR_PORTADAS_STEAM', 'minecraft.jpg'));
INSERT INTO VIDEOJUEGO (vid_nombre,EMP_ID,vid_estado,VID_PORTADA) VALUES('GOOSE GOOSE DUCK', 1, 'DISPONIBLE', BFILENAME('DIR_PORTADAS_STEAM', 'goose_goose_duck.jpg'));
INSERT INTO VIDEOJUEGO (vid_nombre,EMP_ID,vid_estado,VID_PORTADA) VALUES('COUNTER_STRIKE: GLOBAL OFFENSIVE', 1, 'DISPONIBLE', BFILENAME('DIR_PORTADAS_STEAM', 'counter_strike.jpg'));
INSERT INTO VIDEOJUEGO (vid_nombre,EMP_ID,vid_estado,VID_PORTADA) VALUES('DOTA 2', 1, 'DISPONIBLE', BFILENAME('DIR_PORTADAS_STEAM', 'dota2.jpg'));
INSERT INTO VIDEOJUEGO (vid_nombre,EMP_ID,vid_estado,VID_PORTADA) VALUES('PUBG: BATTLEGROUNDS', 1, 'DISPONIBLE', BFILENAME('DIR_PORTADAS_STEAM', 'pubg.jpg'));
INSERT INTO VIDEOJUEGO (vid_nombre,EMP_ID,vid_estado,VID_PORTADA) VALUES('APEX LEGENDS', 1, 'DISPONIBLE', BFILENAME('DIR_PORTADAS_STEAM', 'apex.jpg'));
INSERT INTO VIDEOJUEGO (vid_nombre,EMP_ID,vid_estado,VID_PORTADA) VALUES('LOST ARK', 1, 'DISPONIBLE', BFILENAME('DIR_PORTADAS_STEAM', 'lost_ark.jpg'));
INSERT INTO VIDEOJUEGO (vid_nombre,EMP_ID,vid_estado,VID_PORTADA) VALUES('GRAND THEFT AUTO V', 1, 'DISPONIBLE', BFILENAME('DIR_PORTADAS_STEAM', 'grand_left_auto_v.jpg'));
INSERT INTO VIDEOJUEGO (vid_nombre,EMP_ID,vid_estado,VID_PORTADA) VALUES('RUST', 1, 'DISPONIBLE', BFILENAME('DIR_PORTADAS_STEAM', 'rust.jpg'));
INSERT INTO VIDEOJUEGO (vid_nombre,EMP_ID,vid_estado,VID_PORTADA) VALUES( 'WALLPAPER ENGINE', 1, 'DISPONIBLE', BFILENAME('DIR_PORTADAS_STEAM', 'wallpaper_engine.jpg'));

INSERT INTO VIDEOJUEGO (vid_nombre,EMP_ID,vid_estado,VID_PORTADA) VALUES('MASS EFFECT TRILOGY', 2, 'DISPONIBLE', BFILENAME('DIR_PORTADAS_ORIGIN', 'mass_efect-jpg'));
INSERT INTO VIDEOJUEGO (vid_nombre,EMP_ID,vid_estado,VID_PORTADA) VALUES('BATTLEFIELD 4', 2, 'DISPONIBLE', BFILENAME('DIR_PORTADAS_ORIGIN', 'battlefield4.jpg'));
INSERT INTO VIDEOJUEGO (vid_nombre,EMP_ID,vid_estado,VID_PORTADA) VALUES('BATTLEFIELD 5', 2, 'DISPONIBLE', BFILENAME('DIR_PORTADAS_ORIGIN', 'battlefield5.jpg'));
INSERT INTO VIDEOJUEGO (vid_nombre,EMP_ID,vid_estado,VID_PORTADA) VALUES('THE SIMS 4', 2, 'DISPONIBLE', BFILENAME('DIR_PORTADAS_ORIGIN', 'the_sims4.png'));
INSERT INTO VIDEOJUEGO (vid_nombre,EMP_ID,vid_estado,VID_PORTADA) VALUES('TITANFALL 2', 2, 'DISPONIBLE', BFILENAME('DIR_PORTADAS_ORIGIN', 'titanfall2.jpg'));
INSERT INTO VIDEOJUEGO (vid_nombre,EMP_ID,vid_estado,VID_PORTADA) VALUES('NEED FOR SPEED HEAT', 2, 'DISPONIBLE', BFILENAME('DIR_PORTADAS_ORIGIN', 'need_for_speed.jpg'));
INSERT INTO VIDEOJUEGO (vid_nombre,EMP_ID,vid_estado,VID_PORTADA) VALUES('UNRAVEL TWO', 2, 'DISPONIBLE', BFILENAME('DIR_PORTADAS_ORIGIN', 'unravel_two.jpg'));
INSERT INTO VIDEOJUEGO (vid_nombre,EMP_ID,vid_estado,VID_PORTADA) VALUES('A WAY OUT', 2, 'DISPONIBLE', BFILENAME('DIR_PORTADAS_ORIGIN', 'a way out.jpg'));

INSERT INTO VIDEOJUEGO (vid_nombre,EMP_ID,vid_estado,VID_PORTADA) VALUES('TOM CLANCYS RAINBOW SIX', 3, 'DISPONIBLE', BFILENAME('DIR_PORTADAS_UPLAY', 'tom_clancys.jpg'));
INSERT INTO VIDEOJUEGO (vid_nombre,EMP_ID,vid_estado,VID_PORTADA) VALUES('FAR CRY 6', 3, 'DISPONIBLE', BFILENAME('DIR_PORTADAS_UPLAY', 'far_cry_g.webp'));
INSERT INTO VIDEOJUEGO (vid_nombre,EMP_ID,vid_estado,VID_PORTADA) VALUES('ASSASINS CREED VALHALLA', 3, 'DISPONIBLE', BFILENAME('DIR_PORTADAS_UPLAY', 'assasins_creed.jpg'));
INSERT INTO VIDEOJUEGO (vid_nombre,EMP_ID,vid_estado,VID_PORTADA) VALUES('RIDERS REPUBLIC', 3, 'DISPONIBLE', BFILENAME('DIR_PORTADAS_UPLAY', 'riders_republic.jpg'));
INSERT INTO VIDEOJUEGO (vid_nombre,EMP_ID,vid_estado,VID_PORTADA) VALUES('ANNO 1800', 3, 'DISPONIBLE', BFILENAME('DIR_PORTADAS_UPLAY', 'anno_1800}.jpg'));

INSERT INTO VIDEOJUEGO (vid_nombre,EMP_ID,vid_estado,VID_PORTADA) VALUES('GRAND THEFT AUTO V', 4, 'DISPONIBLE', BFILENAME('DIR_PORTADAS_EPIC_GAMES', 'grand_theft_auto.jpg'));
INSERT INTO VIDEOJUEGO (vid_nombre,EMP_ID,vid_estado,VID_PORTADA) VALUES('VALORANT', 4, 'DISPONIBLE', BFILENAME('DIR_PORTADAS_EPIC_GAMES', 'valorant.jpg'));
INSERT INTO VIDEOJUEGO (vid_nombre,EMP_ID,vid_estado,VID_PORTADA) VALUES('NARAKA: BLADEPOINT', 4, 'DISPONIBLE', BFILENAME('DIR_PORTADAS_EPIC_GAMES', 'naraka.jpg'));
INSERT INTO VIDEOJUEGO (vid_nombre,EMP_ID,vid_estado,VID_PORTADA) VALUES('RED DEAD: REDEMPTION 2', 4, 'DISPONIBLE', BFILENAME('DIR_PORTADAS_EPIC_GAMES', 'red_dead.webp'));
INSERT INTO VIDEOJUEGO (vid_nombre,EMP_ID,vid_estado,VID_PORTADA) VALUES('BLOONS', 4, 'DISPONIBLE', BFILENAME('DIR_PORTADAS_EPIC_GAMES', 'bloons.jpg'));
INSERT INTO VIDEOJUEGO (vid_nombre,EMP_ID,vid_estado,VID_PORTADA) VALUES('AMOUNG US', 4, 'DISPONIBLE', BFILENAME('DIR_PORTADAS_EPIC_GAMES', 'amoung_us.jpg'));
INSERT INTO VIDEOJUEGO (vid_nombre,EMP_ID,vid_estado,VID_PORTADA) VALUES('ADIOS', 4, 'DISPONIBLE', BFILENAME('DIR_PORTADAS_EPIC_GAMES', 'adios.jpg'));
INSERT INTO VIDEOJUEGO (vid_nombre,EMP_ID,vid_estado,VID_PORTADA) VALUES('STAR WARS: BATTLEFORONT II:CELEBRATION EDITION', 4, 'DISPONIBLE', BFILENAME('DIR_PORTADAS_EPIC_GAMES', 'starwars.webp'));
INSERT INTO VIDEOJUEGO (vid_nombre,EMP_ID,vid_estado,VID_PORTADA) VALUES('LEAGUE OF LEGENDS', 4, 'DISPONIBLE', BFILENAME('DIR_PORTADAS_EPIC_GAMES', 'league_of_legends.jpg'));
INSERT INTO VIDEOJUEGO (vid_nombre,EMP_ID,vid_estado,VID_PORTADA) VALUES('FALL GUYS', 4, 'DISPONIBLE', BFILENAME('DIR_PORTADAS_EPIC_GAMES', 'fall_guys.jpg'));

/*==============================================================*/
/* Table: KEY                                             */
/*==============================================================*/

INSERT INTO "KEY" (VID_ID, KEY_PRECIO, KEY_DISPONIBILIDAD) VALUES (1, 60000, 'Si');
INSERT INTO "KEY" (VID_ID, KEY_PRECIO, KEY_DISPONIBILIDAD) VALUES (1, 60000, 'Si');
INSERT INTO "KEY" (VID_ID, KEY_PRECIO, KEY_DISPONIBILIDAD) VALUES (1, 60000, 'Si');
INSERT INTO "KEY" (VID_ID, KEY_PRECIO, KEY_DISPONIBILIDAD) VALUES (1, 60000, 'Si');
INSERT INTO "KEY" (VID_ID, KEY_PRECIO, KEY_DISPONIBILIDAD) VALUES (1, 60000, 'Si');

INSERT INTO "KEY" (VID_ID, KEY_PRECIO, KEY_DISPONIBILIDAD) VALUES (2, 35000, 'Si');
INSERT INTO "KEY" (VID_ID, KEY_PRECIO, KEY_DISPONIBILIDAD) VALUES (2, 35000, 'Si');
INSERT INTO "KEY" (VID_ID, KEY_PRECIO, KEY_DISPONIBILIDAD) VALUES (2, 35000, 'Si');
INSERT INTO "KEY" (VID_ID, KEY_PRECIO, KEY_DISPONIBILIDAD) VALUES (2, 35000, 'Si');
INSERT INTO "KEY" (VID_ID, KEY_PRECIO, KEY_DISPONIBILIDAD) VALUES (2, 35000, 'Si');
INSERT INTO "KEY" (VID_ID, KEY_PRECIO, KEY_DISPONIBILIDAD) VALUES (3, 55000, 'Si');
INSERT INTO "KEY" (VID_ID, KEY_PRECIO, KEY_DISPONIBILIDAD) VALUES (3, 55000, 'Si');
INSERT INTO "KEY" (VID_ID, KEY_PRECIO, KEY_DISPONIBILIDAD) VALUES (3, 55000, 'Si');
INSERT INTO "KEY" (VID_ID, KEY_PRECIO, KEY_DISPONIBILIDAD) VALUES (3, 55000, 'Si');
INSERT INTO "KEY" (VID_ID, KEY_PRECIO, KEY_DISPONIBILIDAD) VALUES (3, 55000, 'Si');
INSERT INTO "KEY" (VID_ID, KEY_PRECIO, KEY_DISPONIBILIDAD) VALUES (4, 23000, 'Si');
INSERT INTO "KEY" (VID_ID, KEY_PRECIO, KEY_DISPONIBILIDAD) VALUES (4, 23000, 'Si');
INSERT INTO "KEY" (VID_ID, KEY_PRECIO, KEY_DISPONIBILIDAD) VALUES (4, 23000, 'Si');
INSERT INTO "KEY" (VID_ID, KEY_PRECIO, KEY_DISPONIBILIDAD) VALUES (4, 23000, 'Si');
INSERT INTO "KEY" (VID_ID, KEY_PRECIO, KEY_DISPONIBILIDAD) VALUES (4, 23000, 'Si');

INSERT INTO "KEY" (VID_ID, KEY_PRECIO, KEY_DISPONIBILIDAD) VALUES (5, 50000, 'Si');
INSERT INTO "KEY" (VID_ID, KEY_PRECIO, KEY_DISPONIBILIDAD) VALUES (5, 50000, 'Si');
INSERT INTO "KEY" (VID_ID, KEY_PRECIO, KEY_DISPONIBILIDAD) VALUES (5, 50000, 'Si');
INSERT INTO "KEY" (VID_ID, KEY_PRECIO, KEY_DISPONIBILIDAD) VALUES (5, 50000, 'Si');
INSERT INTO "KEY" (VID_ID, KEY_PRECIO, KEY_DISPONIBILIDAD) VALUES (5, 50000, 'Si');
INSERT INTO "KEY" (VID_ID, KEY_PRECIO, KEY_DISPONIBILIDAD) VALUES (5, 50000, 'Si');

INSERT INTO "KEY" (VID_ID, KEY_PRECIO, KEY_DISPONIBILIDAD) VALUES (6, 13000, 'Si');
INSERT INTO "KEY" (VID_ID, KEY_PRECIO, KEY_DISPONIBILIDAD) VALUES (6, 13000, 'Si');
INSERT INTO "KEY" (VID_ID, KEY_PRECIO, KEY_DISPONIBILIDAD) VALUES (6, 13000, 'Si');
INSERT INTO "KEY" (VID_ID, KEY_PRECIO, KEY_DISPONIBILIDAD) VALUES (6, 13000, 'Si');
INSERT INTO "KEY" (VID_ID, KEY_PRECIO, KEY_DISPONIBILIDAD) VALUES (6, 13000, 'Si');
INSERT INTO "KEY" (VID_ID, KEY_PRECIO, KEY_DISPONIBILIDAD) VALUES (6, 13000, 'Si');
INSERT INTO "KEY" (VID_ID, KEY_PRECIO, KEY_DISPONIBILIDAD) VALUES (6, 13000, 'Si');
INSERT INTO "KEY" (VID_ID, KEY_PRECIO, KEY_DISPONIBILIDAD) VALUES (7, 35000, 'Si');
INSERT INTO "KEY" (VID_ID, KEY_PRECIO, KEY_DISPONIBILIDAD) VALUES (7, 35000, 'Si');
INSERT INTO "KEY" (VID_ID, KEY_PRECIO, KEY_DISPONIBILIDAD) VALUES (7, 35000, 'Si');
INSERT INTO "KEY" (VID_ID, KEY_PRECIO, KEY_DISPONIBILIDAD) VALUES (7, 35000, 'Si');
INSERT INTO "KEY" (VID_ID, KEY_PRECIO, KEY_DISPONIBILIDAD) VALUES (7, 35000, 'Si');
INSERT INTO "KEY" (VID_ID, KEY_PRECIO, KEY_DISPONIBILIDAD) VALUES (7, 35000, 'Si');